"id","ident","type","name","latitude_deg","longitude_deg","continent","iso_country","iso_region","gps_code","iata_code","local_code"
27301,BCW,medium_airport,Benguera Island Airport,-21.85330009460449,35.43830108642578,AF,MZ,MZ-I,,BCW,
111,BG-JAM,medium_airport,Bezmer Air Base,42.4548988342,26.352199554400002,EU,BG,BG-28,LBIA,JAM,
27300,BZB,medium_airport,Bazaruto Island Airport,-21.5411,35.4729,AF,MZ,MZ-I,,BZB,
44646,CY-0002,medium_airport,Lefkoniko Airport,35.235947,33.724358,AS,CY,CY-03,LCGK,GEC,
44646,CY-0002,medium_airport,Lefkoniko Airport,35.235947,33.724358,AS,CY,CY-03,LCGK,GEC,
2051,DAAJ,medium_airport,Djanet Inedbirene Airport,24.292801,9.45244,AF,DZ,DZ-33,DAAJ,DJG,
2054,DAAP,medium_airport,Illizi Takhamalt Airport,26.7234992981,8.62265014648,AF,DZ,DZ-33,DAAP,VVZ,
2060,DABB,medium_airport,Rabah Bitat Airport,36.822201,7.809174,AF,DZ,DZ-36,DABB,AAE,
2062,DABS,medium_airport,Cheikh Larbi Tébessi Airport,35.4315986633,8.120719909670001,AF,DZ,DZ-12,DABS,TEE,
2086,DAUZ,medium_airport,In Aménas Airport,28.0515,9.64291,AF,DZ,DZ-33,DAUZ,IAM,
2104,DNAA,large_airport,Nnamdi Azikiwe International Airport,9.006790161132812,7.263169765472412,AF,NG,NG-FC,DNAA,ABV,
309668,DNAI,large_airport,Akwa Ibom International Airport,4.8725,8.093,AF,NG,NG-AK,DNAI,QUO,
323056,DNBC,medium_airport,Sir Abubakar Tafawa Balewa International Airport,10.482833,9.744,AF,NG,NG-BA,DNBC,BCU,
2107,DNCA,medium_airport,Margaret Ekpo International Airport,4.976019859313965,8.347200393676758,AF,NG,NG-CR,DNCA,CBQ,
2108,DNEN,medium_airport,Akanu Ibiam International Airport,6.474269866943359,7.561960220336914,AF,NG,NG-EN,DNEN,ENU,
2112,DNIM,medium_airport,Sam Mbakwe International Airport,5.427060127258301,7.2060298919677725,AF,NG,NG-IM,DNIM,QOW,
2113,DNJO,medium_airport,Yakubu Gowon Airport,9.639829635620117,8.869050025939941,AF,NG,NG-PL,DNJO,JOS,
2114,DNKA,medium_airport,Kaduna Airport,10.696000099182127,7.320109844207764,AF,NG,NG-KD,DNKA,KAD,
2115,DNKN,large_airport,Mallam Aminu International Airport,12.0476,8.52462,AF,NG,NG-KN,DNKN,KAN,
2117,DNMK,medium_airport,Makurdi Airport,7.703880000000002,8.61394,AF,NG,NG-BE,DNMK,MDI,
2123,DNZA,medium_airport,Zaria Airport,11.1302,7.685810000000001,AF,NG,NG-KD,DNZA,ZAR,
2124,DRRM,medium_airport,Maradi Airport,13.5024995803833,7.1267499923706055,AF,NE,NE-4,DRRM,MFQ,
2127,DRZA,medium_airport,Mano Dayak International Airport,16.965999603271484,8.000109672546388,AF,NE,NE-1,DRZA,AJY,
2130,DRZR,medium_airport,Zinder Airport,13.779000282287598,8.983759880065918,AF,NE,NE-7,DRZR,ZND,
2131,DTKA,medium_airport,Tabarka 7 Novembre Airport,36.97999954223633,8.87693977355957,AF,TN,TN-32,DTKA,TBJ,
2133,DTTA,large_airport,Tunis Carthage International Airport,36.85100173950195,10.22719955444336,AF,TN,TN-11,DTTA,TUN,
2134,DTTB,medium_airport,Sidi Ahmed Air Base,37.245398,9.79145,AF,TN,TN-23,DTTB,,
2135,DTTD,medium_airport,Remada Air Base,32.306198120117195,10.382100105285645,AF,TN,TN-83,DTTD,,
2136,DTTF,medium_airport,Gafsa Ksar International Airport,34.42200088500977,8.822500228881836,AF,TN,TN-71,DTTF,GAF,
2137,DTTG,medium_airport,Gabès Matmata International Airport,33.87689971923828,10.103300094604492,AF,TN,TN-81,DTTG,GAE,
2140,DTTR,medium_airport,El Borma Airport,31.70429992675781,9.254619598388672,AF,TN,TN-83,DTTR,EBM,
2142,DTTZ,medium_airport,Tozeur Nefta International Airport,33.939701080322266,8.110560417175293,AF,TN,TN-72,DTTZ,TOE,
2212,EDDF,large_airport,Frankfurt am Main Airport,50.033333,8.570556,EU,DE,DE-HE,EDDF,FRA,
2213,EDDG,large_airport,Münster Osnabrück Airport,52.134601593,7.68483018875,EU,DE,DE-NW,EDDG,FMO,
2214,EDDH,large_airport,Hamburg Airport,53.630401611328004,9.988229751586902,EU,DE,DE-HH,EDDH,HAM,
2216,EDDK,large_airport,Cologne Bonn Airport,50.865898132299996,7.1427397728,EU,DE,DE-NW,EDDK,CGN,
2221,EDDR,medium_airport,Saarbrücken Airport,49.2145996094,7.10950994492,EU,DE,DE-SL,EDDR,SCN,
2222,EDDS,large_airport,Stuttgart Airport,48.6898994446,9.22196006775,EU,DE,DE-BW,EDDS,STR,
2224,EDDV,large_airport,Hannover Airport,52.461101532,9.685079574580001,EU,DE,DE-NI,EDDV,HAJ,
2225,EDDW,large_airport,Bremen Airport,53.0475006104,8.78666973114,EU,DE,DE-HB,EDDW,BRE,
2226,EDFE,medium_airport,Frankfurt-Egelsbach Airport,49.959999,8.645833,EU,DE,DE-HE,EDFE,,
2227,EDFH,medium_airport,Frankfurt-Hahn Airport,49.9487,7.263889999999999,EU,DE,DE-RP,EDFH,HHN,
2228,EDFM,medium_airport,Mannheim-City Airport,49.473057,8.514167,EU,DE,DE-BW,EDFM,MHG,
2231,EDFZ,medium_airport,Mainz-Finthen Airport,49.967499,8.147222,EU,DE,DE-RP,EDFZ,,
2232,EDGE,medium_airport,Eisenach-Kindel Airport,50.991604,10.47973,EU,DE,DE-TH,EDGE,EIB,
2233,EDGS,medium_airport,Siegerland Airport,50.70769882202149,8.082969665527344,EU,DE,DE-NW,EDGS,SGE,
2234,EDHI,medium_airport,Hamburg-Finkenwerder Airport,53.5352783203125,9.835556030273438,EU,DE,DE-HH,EDHI,XFW,
2235,EDHK,medium_airport,Kiel-Holtenau Airport,54.37944412231445,10.145277976989746,EU,DE,DE-SH,EDHK,KEL,
2237,EDJA,medium_airport,Memmingen Allgau Airport,47.9888000488,10.2395000458,EU,DE,DE-BY,EDJA,FMM,
2244,EDLP,medium_airport,Paderborn Lippstadt Airport,51.614101409899995,8.616319656369999,EU,DE,DE-NW,EDLP,PAD,
2247,EDLW,large_airport,Dortmund Airport,51.518299102799986,7.61223983765,EU,DE,DE-NW,EDLW,DTM,
2256,EDNY,medium_airport,Friedrichshafen Airport,47.671298980699994,9.511489868160002,EU,DE,DE-BW,EDNY,FDH,
2270,EDSB,large_airport,Karlsruhe Baden-Baden Airport,48.7793998718,8.08049964905,EU,DE,DE-BW,EDSB,FKB,
2273,EDTD,medium_airport,Donaueschingen-Villingen Airport,47.97333145139999,8.52222156525,EU,DE,DE-BW,EDTD,ZQL,
2276,EDTL,medium_airport,Lahr Airport,48.36930084229999,7.82772016525,EU,DE,DE-BW,EDTL,LHA,
2278,EDTY,medium_airport,Adolf Würth Airport,49.1183319092,9.783888816829998,EU,DE,DE-BW,EDTY,,
2284,EDVE,medium_airport,Braunschweig-Wolfsburg Airport,52.319199,10.5561,EU,DE,DE-NI,EDVE,BWE,
2285,EDVK,medium_airport,Kassel-Calden Airport,51.417273,9.384967,EU,DE,DE-HE,EDVK,KSF,
2296,EDXW,medium_airport,Westerland Sylt Airport,54.9132003784,8.34047031403,EU,DE,DE-SH,EDXW,GWT,
2302,EETU,medium_airport,Tartu Airport,58.30749893189999,26.690399169899997,EU,EE,EE-7B,EETU,TAY,
2314,EFIV,medium_airport,Ivalo Airport,68.607299804688,27.405300140380998,EU,FI,FI-LL,EFIV,IVL,
2319,EFKI,medium_airport,Kajaani Airport,64.285499572754,27.692399978638,EU,FI,FI-OL,EFKI,KAJ,
2326,EFKU,medium_airport,Kuopio Airport,63.007099151611,27.797800064087,EU,FI,FI-IS,EFKU,KUO,
2329,EFLP,medium_airport,Lappeenranta Airport,61.044601,28.144743,EU,FI,FI-ES,EFLP,LPP,
2332,EFMI,medium_airport,Mikkeli Airport,61.6866,27.201799,EU,FI,FI-IS,EFMI,MIK,
2346,EFSO,medium_airport,Sodankyla Airport,67.3949966431,26.619100570700002,EU,FI,FI-LL,EFSO,SOT,
2350,EFUT,medium_airport,Utti Air Base,60.89640045165999,26.938400268555004,EU,FI,FI-ES,EFUT,UTI,
2352,EFVR,medium_airport,Varkaus Airport,62.171100616455,27.868600845337,EU,FI,FI-IS,EFVR,VRK,
2541,EKBI,large_airport,Billund Airport,55.7402992249,9.15178012848,EU,DK,DK-83,EKBI,BLL,
2543,EKEB,medium_airport,Esbjerg Airport,55.525902,8.5534,EU,DK,DK-83,EKEB,EBJ,
2546,EKKA,medium_airport,Karup Airport,56.29750061035156,9.124629974365234,EU,DK,DK-82,EKKA,KRP,
2549,EKOD,medium_airport,Odense Airport,55.47669982910156,10.330900192260742,EU,DK,DK-83,EKOD,ODE,
2553,EKSB,medium_airport,Sønderborg Airport,54.96440124511719,9.791729927062988,EU,DK,DK-83,EKSB,SGD,
2554,EKSN,medium_airport,Sindal Airport,57.50350200000001,10.2294,EU,DK,DK-81,EKSN,CNL,
2555,EKSP,medium_airport,Skrydstrup Air Base,55.221048,9.26702,EU,DK,DK-83,EKSP,SKS,
2556,EKSV,medium_airport,Skive Airport,56.55020141601562,9.172980308532717,EU,DK,DK-82,EKSV,SQW,
2557,EKTS,medium_airport,Thisted Airport,57.06880187988281,8.705220222473145,EU,DK,DK-81,EKTS,TED,
2558,EKVD,medium_airport,Kolding Vamdrup Airfield,55.436298,9.33092,EU,DK,DK-83,EKVD,,
2561,EKVJ,medium_airport,Stauning Airport,55.9901008605957,8.353910446166992,EU,DK,DK-82,EKVJ,STA,
2562,EKYT,large_airport,Aalborg Airport,57.092758913800004,9.84924316406,EU,DK,DK-81,EKYT,AAL,
2572,ENCN,medium_airport,Kristiansand Airport,58.204201,8.08537,EU,NO,NO-10,ENCN,KRS,
2576,ENFG,medium_airport,Leirin Airport,61.015598297119,9.2880601882935,EU,NO,NO-05,ENFG,VDB,
2581,ENKB,medium_airport,Kristiansund Airport (Kvernberget),63.111801147461,7.824520111083999,EU,NO,NO-15,ENKB,KSU,
29265,ENMH,medium_airport,Mehamn Airport,71.02970123291,27.826700210570998,EU,NO,NO-20,ENMH,MEH,
2585,ENML,medium_airport,Molde Airport,62.744701385498,7.2624998092650985,EU,NO,NO-15,ENML,MOL,
2588,ENNO,medium_airport,Notodden Airport,59.565701,9.21222,EU,NO,NO-08,ENNO,NTB,
2589,ENOL,medium_airport,Ørland Airport,63.69889831542969,9.604000091552734,EU,NO,NO-16,ENOL,OLA,
2594,ENSN,medium_airport,Skien Airport,59.18500137329102,9.566940307617188,EU,NO,NO-08,ENSN,SKE,
2600,ENTO,medium_airport,"Sandefjord Airport, Torp",59.1866989136,10.258600235,EU,NO,NO-07,ENTO,TRF,
2718,ETAR,large_airport,Ramstein Air Base,49.4369010925293,7.600279808044434,EU,DE,DE-RP,ETAR,RMS,
2721,ETHB,medium_airport,Bückeburg Air Base,52.2785,9.08217,EU,DE,DE-NI,ETHB,,
2722,ETHC,medium_airport,Celle Airport,52.59120178222656,10.022100448608398,EU,DE,DE-NI,ETHC,ZCN,
2724,ETHF,medium_airport,Fritzlar Airport,51.1146,9.286,EU,DE,DE-HE,ETHF,FRZ,
2725,ETHL,medium_airport,Laupheim Air Base,48.220299,9.91002,EU,DE,DE-BW,ETHL,,
2726,ETHM,medium_airport,Mendig Airfield,50.366001,7.31533,EU,DE,DE-RP,EDRE,,
2727,ETHN,medium_airport,Niederstetten Army Air Base,49.391945,9.958889,EU,DE,DE-BW,ETHN,,
2729,ETHS,medium_airport,Fassberg Air Base,52.919399,10.185827,EU,DE,DE-NI,ETHS,,
2734,ETMN,medium_airport,Nordholz Naval Airbase,53.767700195299994,8.658499717709999,EU,DE,DE-NI,ETMN,FCN,
2735,ETND,medium_airport,Diepholz Air Base,52.585556,8.342222,EU,DE,DE-NI,ETND,,
2737,ETNH,medium_airport,Hohn Air Base,54.312199,9.53817,EU,DE,DE-SH,ETNH,,
2738,ETNJ,medium_airport,Jever Air Base,53.533501,7.8886699999999985,EU,DE,DE-NI,ETNJ,,
2741,ETNS,medium_airport,Schleswig Air Base,54.459301,9.51633,EU,DE,DE-SH,ETNS,WBG,
2742,ETNT,medium_airport,Wittmundhafen Airport,53.54779815673828,7.667329788208008,EU,DE,DE-NI,ETNT,,
2744,ETNW,medium_airport,Wunstorf Air Base,52.457298,9.42717,EU,DE,DE-NI,ETNW,,
2747,ETOU,medium_airport,Wiesbaden Army Airfield,50.04980087280274,8.325400352478027,EU,DE,DE-HE,ETOU,WIE,
44006,EVDA,medium_airport,Daugavpils Intrenational Airport,55.9447212219,26.665000915500002,EU,LV,LV-DA,EVDA,DGP,
2771,FABE,medium_airport,Bisho Airport,-32.897098541300004,27.2791004181,AF,ZA,ZA-EC,FABE,BIY,
2772,FABL,medium_airport,Bram Fischer International Airport,-29.092699050900002,26.302400589,AF,ZA,ZA-FS,FABL,BFN,
2779,FAEL,medium_airport,Ben Schoeman Airport,-33.0355987549,27.825899124099998,AF,ZA,ZA-EC,FAEL,ELS,
2781,FAFB,medium_airport,Ficksburg Sentraoes Airport,-28.82309913635254,27.908899307250977,AF,ZA,ZA-FS,FAFB,FCB,
2782,FAGC,medium_airport,Grand Central Airport,-25.986299514799995,28.1401004791,AF,ZA,ZA-GT,FAGC,GCJ,
2784,FAGM,medium_airport,Rand Airport,-26.2425003052,28.151199340799998,AF,ZA,ZA-GT,FAGM,QRA,
2792,FAJS,large_airport,OR Tambo International Airport,-26.1392,28.246,AF,ZA,ZA-GT,FAOR,JNB,
2793,FAKD,medium_airport,P C Pelser Airport,-26.8710994720459,26.718000411987305,AF,ZA,ZA-NW,FAKD,KXE,
2800,FALA,medium_airport,Lanseria Airport,-25.9384994507,27.926099777199997,AF,ZA,ZA-GT,FALA,HLA,
2814,FAMS,medium_airport,Morningside Farm Airport,-25.7045001984,26.9090003967,AF,ZA,ZA-NW,FAMS,,
2815,FAMU,medium_airport,Mkuze Airport,-27.62610054016113,32.044300079345696,AF,ZA,ZA-NL,FAMU,MZQ,
31055,FAOR,large_airport,OR Tambo International Airport,-26.1392,28.246,AF,ZA,ZA-GT,FAOR,JNB,
2828,FAPS,medium_airport,Potchefstroom Airport,-26.670999527,27.081899642899998,AF,ZA,ZA-NW,FAPS,PCF,
2830,FAQT,medium_airport,Queenstown Airport,-31.92020034790039,26.88220024108887,AF,ZA,ZA-EC,FAQT,UTW,
2831,FARB,medium_airport,Richards Bay Airport,-28.740999221800003,32.0920982361,AF,ZA,ZA-NL,FARB,RCB,
2832,FARG,medium_airport,Rustenburg Airport,-25.6443004608,27.2710990906,AF,ZA,ZA-NW,FARG,,
2848,FAUT,medium_airport,K. D. Matanzima Airport,-31.5463631849,28.6733551025,AF,ZA,ZA-EC,FAUT,UTT,
2853,FAVV,medium_airport,Vereeniging Airport,-26.566400528000003,27.9608001709,AF,ZA,ZA-GT,FAVV,,
2854,FAWB,medium_airport,Wonderboom Airport,-25.6539,28.224199,AF,ZA,ZA-GT,FAWB,PRY,
2856,FAWK,medium_airport,Waterkloof Air Force Base,-25.829999923699997,28.222499847399998,AF,ZA,ZA-GT,FAWK,WKF,
2860,FBFT,medium_airport,Francistown Airport,-21.15959930419922,27.47450065612793,AF,BW,BW-NE,FBFT,FRW,
2866,FBSP,medium_airport,Selebi Phikwe Airport,-22.0583,27.8288,AF,BW,BW-CE,FBSP,PKW,
308033,FDSK,medium_airport,King Mswati III International Airport,-26.358611,31.716944,AF,SZ,SZ-LU,FDSK,SHO,
2875,FGBT,medium_airport,Bata Airport,1.9054700136184688,9.80568027496338,AF,GQ,GQ-LI,FGBT,BSG,
2876,FGSL,medium_airport,Malabo Airport,3.755270004272461,8.708720207214355,AF,GQ,GQ-BN,FGSL,SSG,
2881,FKKC,medium_airport,Tiko Airport,4.08919000626,9.360529899600001,AF,CM,CM-SW,FKKC,TKC,
2882,FKKD,medium_airport,Douala International Airport,4.0060801506,9.71947956085,AF,CM,CM-LT,FKKD,DLA,
2887,FKKU,medium_airport,Bafoussam Airport,5.536920070650001,10.3545999527,AF,CM,CM-OU,FKKU,BFX,
2888,FKKV,medium_airport,Bamenda Airport,6.0392398834228525,10.122599601745604,AF,CM,CM-NW,FKKV,BPC,
2891,FLKE,medium_airport,Kasompe Airport,-12.572799682617,27.893899917603,AF,ZM,ZM-08,FLKE,CGJ,
2892,FLLC,medium_airport,Lusaka City Airport,-15.4138002396,28.330699920700003,AF,ZM,ZM-09,FLLC,,
2894,FLLS,large_airport,Kenneth Kaunda International Airport,-15.3308,28.4526,AF,ZM,ZM-09,FLKK,LUN,
2895,FLMF,medium_airport,Mfuwe Airport,-13.258899688720705,31.93659973144531,AF,ZM,ZM-03,FLMF,MFU,
2897,FLND,medium_airport,Simon Mwansa Kapwepwe International Airport,-12.998100280762,28.66489982605,AF,ZM,ZM-08,FLSK,NLA,
2898,FLSO,medium_airport,Southdowns Airport,-12.900500297546387,28.14990043640137,AF,ZM,ZM-08,FLSO,KIW,
2901,FMCH,medium_airport,Prince Said Ibrahim International Airport,-11.5337,43.2719,AF,KM,KM-G,FMCH,HAH,
2902,FMCI,medium_airport,Mohéli Bandar Es Eslam Airport,-12.298100471496582,43.76639938354492,AF,KM,KM-M,FMCI,NWA,
2912,FMMV,medium_airport,Morondava Airport,-20.28470039367676,44.31760025024414,AF,MG,MG-U,FMMV,MOQ,
2932,FMSR,medium_airport,Morombe Airport,-21.7539005279541,43.3754997253418,AF,MG,MG-U,FMSR,MXM,
2933,FMST,medium_airport,Toliara Airport,-23.383399963378906,43.72850036621094,AF,MG,MG-U,FMST,TLE,
2961,FOGR,medium_airport,Lambarene Airport,-0.7043889760971069,10.245699882507324,AF,GA,GA-3,FOGR,LBQ,
2963,FOOG,medium_airport,Port Gentil Airport,-0.7117390036582947,8.754380226135254,AF,GA,GA-8,FOOG,POG,
2964,FOOH,medium_airport,Omboue Hopital Airport,-1.5747300386428833,9.262689590454102,AF,GA,GA-8,FOOH,OMB,
2966,FOOL,medium_airport,Libreville Leon M'ba International Airport,0.458600014448,9.4122800827,AF,GA,GA-1,FOOL,LBV,
2968,FPPR,medium_airport,Principe Airport,1.6629400253295898,7.411739826202393,AF,ST,ST-P,FPPR,PCP,
2970,FQBR,medium_airport,Beira Airport,-19.79640007019043,34.90760040283203,AF,MZ,MZ-S,FQBR,BEW,
2971,FQCH,medium_airport,Chimoio Airport,-19.15130043029785,33.429000854492195,AF,MZ,MZ-B,FQCH,VPY,
2971,FQCH,medium_airport,Chimoio Airport,-19.15130043029785,33.429000854492195,AF,MZ,MZ-B,FQCH,VPY,
2972,FQIN,medium_airport,Inhambane Airport,-23.876399993896484,35.40850067138672,AF,MZ,MZ-I,FQIN,INH,
2973,FQLC,medium_airport,Lichinga Airport,-13.274,35.2663,AF,MZ,MZ-A,FQLC,VXC,
2975,FQMA,large_airport,Maputo Airport,-25.920799,32.572601,AF,MZ,MZ-MPM,FQMA,MPM,
2984,FQTT,medium_airport,Chingozi Airport,-16.104799270629886,33.64020156860352,AF,MZ,MZ-T,FQTT,TET,
2984,FQTT,medium_airport,Chingozi Airport,-16.104799270629886,33.64020156860352,AF,MZ,MZ-T,FQTT,TET,
2986,FQVL,medium_airport,Vilankulo Airport,-22.018400192260746,35.31330108642578,AF,MZ,MZ-I,FQVL,VNX,
3000,FVBU,medium_airport,Joshua Mqabuko Nkomo International Airport,-20.017401,28.617901,AF,ZW,ZW-BU,FVJN,BUQ,
3006,FVKB,medium_airport,Kariba International Airport,-16.519800186157227,28.88500022888184,AF,ZW,ZW-MW,FVKB,KAB,
3008,FVMT,medium_airport,Mutoko Airport,-17.431900024414062,32.18450164794922,AF,ZW,ZW-ME,FVMT,,
3014,FVWN,medium_airport,Hwange National Park Airport,-18.62989997863769,27.020999908447266,AF,ZW,ZW-MN,FVWN,HWN,
3015,FWCL,medium_airport,Chileka International Airport,-15.679100036621096,34.9739990234375,AF,MW,MW-BL,FWCL,BLZ,
30602,FWDW,medium_airport,Dwangwa Airport,-12.5183,34.131901,AF,MW,MW-NK,FWDW,DWA,
30602,FWDW,medium_airport,Dwangwa Airport,-12.5183,34.131901,AF,MW,MW-NK,FWDW,DWA,
3016,FWKA,medium_airport,Karonga Airport,-9.953570365905762,33.893001556396484,AF,MW,MW-KR,FWKA,KGJ,
3016,FWKA,medium_airport,Karonga Airport,-9.953570365905762,33.893001556396484,AF,MW,MW-KR,FWKA,KGJ,
3018,FWKI,medium_airport,Lilongwe International Airport,-13.7894001007,33.78099823,AF,MW,MW-LI,FWKI,LLW,
3018,FWKI,medium_airport,Lilongwe International Airport,-13.7894001007,33.78099823,AF,MW,MW-LI,FWKI,LLW,
30603,FWMG,medium_airport,Mangochi Airport,-14.482999801635742,35.266998291015625,AF,MW,MW-MG,FWMG,MAI,
3020,FWUU,medium_airport,Mzuzu Airport,-11.444700241088867,34.01179885864258,AF,MW,MW-MZ,FWUU,ZZU,
3020,FWUU,medium_airport,Mzuzu Airport,-11.444700241088867,34.01179885864258,AF,MW,MW-MZ,FWUU,ZZU,
3022,FXMM,medium_airport,Moshoeshoe I International Airport,-29.462299346923828,27.552499771118164,AF,LS,LS-A,FXMM,MSU,
3053,FZJH,medium_airport,Matari Airport,2.8276100158691406,27.58830070495605,AF,CD,CD-OR,FZJH,IRP,
3056,FZMA,medium_airport,Bukavu Kavumu Airport,-2.3089799880981445,28.808799743652344,AF,CD,CD-SK,FZMA,BKY,
3059,FZQA,medium_airport,Lubumbashi International Airport,-11.5913000107,27.5308990479,AF,CD,CD-KA,FZQA,FBM,
44554,GE-0007,medium_airport,Ozurgeti Air Base,41.929100036621094,41.86349868774414,AS,GE,GE-GU,,,
44554,GE-0007,medium_airport,Ozurgeti Air Base,41.929100036621094,41.86349868774414,AS,GE,GE-GU,,,
44938,GE-0010,medium_airport,Senaki Air Base,42.2403057198,42.0454931259,AS,GE,GE-SZ,,,
44938,GE-0010,medium_airport,Senaki Air Base,42.2403057198,42.0454931259,AS,GE,GE-SZ,,,
3162,HADR,medium_airport,Aba Tenna Dejazmach Yilma International Airport,9.624699592590332,41.85419845581055,AF,ET,ET-DD,HADR,DIR,
3162,HADR,medium_airport,Aba Tenna Dejazmach Yilma International Airport,9.624699592590332,41.85419845581055,AF,ET,ET-DD,HADR,DIR,
3163,HAGM,medium_airport,Gambella Airport,8.12876033782959,34.563098907470696,AF,ET,ET-GA,HAGM,GMB,
3165,HAGO,medium_airport,Gode Airport,5.935130119319999,43.578601837200004,AF,ET,ET-SO,HAGO,GDE,
313314,HAJJ,medium_airport,Wilwal International Airport,9.3325,42.9121,AF,ET,ET-SO,HAJJ,JIJ,
313314,HAJJ,medium_airport,Wilwal International Airport,9.3325,42.9121,AF,ET,ET-SO,HAJJ,JIJ,
3169,HASO,medium_airport,Asosa Airport,10.018500328063963,34.586299896240234,AF,ET,ET-BE,HASO,ASO,
3171,HCMH,large_airport,Egal International Airport,9.513207,44.082389,AF,SO,SO-WO,HCMH,HGA,
3173,HCMK,medium_airport,Kisimayu Airport,-0.3773530125617981,42.45920181274414,AF,SO,SO-JH,HCMK,KMU,
3173,HCMK,medium_airport,Kisimayu Airport,-0.3773530125617981,42.45920181274414,AF,SO,SO-JH,HCMK,KMU,
3174,HDAM,medium_airport,Djibouti-Ambouli Airport,11.547300338745115,43.15950012207031,AF,DJ,DJ-DJ,HDAM,JIB,
3174,HDAM,medium_airport,Djibouti-Ambouli Airport,11.547300338745115,43.15950012207031,AF,DJ,DJ-DJ,HDAM,JIB,
2356,HE13,medium_airport,Capital International Airport,30.064358,31.837643,AF,EG,EG-C,HECP,CCE,
2375,HE35,medium_airport,Abu Suwayr Air Base,30.57270050048828,32.095298767089844,AF,EG,EG-IS,,,
3175,HEAL,medium_airport,El Alamein International Airport,30.92449951171875,28.46139907836914,AF,EG,EG-MT,HEAL,DBB,
3176,HEAR,medium_airport,El Arish International Airport,31.073299408,33.8358001709,AS,EG,EG-SIN,HEAR,AAC,
3176,HEAR,medium_airport,El Arish International Airport,31.073299408,33.8358001709,AS,EG,EG-SIN,HEAR,AAC,
3186,HEGN,large_airport,Hurghada International Airport,27.178300857543945,33.799400329589844,AF,EG,EG-BA,HEGN,HRG,
3186,HEGN,large_airport,Hurghada International Airport,27.178300857543945,33.799400329589844,AF,EG,EG-BA,HEGN,HRG,
3188,HEGR,medium_airport,El Gora Airport,31.068559000000004,34.129629,AF,EG,EG-SIN,HEGR,EGH,
3188,HEGR,medium_airport,El Gora Airport,31.068559000000004,34.129629,AF,EG,EG-SIN,HEGR,EGH,
3191,HELX,large_airport,Luxor International Airport,25.671,32.7066,AF,EG,EG-KN,HELX,LXR,
3192,HEMA,medium_airport,Marsa Alam International Airport,25.557100295999998,34.5836982727,AF,EG,EG-BA,HEMA,RMF,
300893,HEMK,medium_airport,Sohag International Airport,26.342778000000006,31.742778,AF,EG,EG-SHG,HESG,HMB,
3193,HEMM,medium_airport,Mersa Matruh Airport,31.325399398800002,27.2217006683,AF,EG,EG-MT,HEMM,MUH,
3196,HEPS,medium_airport,Port Said Airport,31.279399871826172,32.240001678466804,AF,EG,EG-SHR,HEPS,PSD,
3197,HESC,medium_airport,St Catherine International Airport,28.685300827,34.0625,AS,EG,EG-JS,HESC,SKV,
3197,HESC,medium_airport,St Catherine International Airport,28.685300827,34.0625,AS,EG,EG-JS,HESC,SKV,
3198,HESH,medium_airport,Sharm El Sheikh International Airport,27.977300643899998,34.3950004578,AS,EG,EG-JS,HESH,SSH,
3199,HESN,medium_airport,Aswan International Airport,23.964399337800003,32.8199996948,AF,EG,EG-ASN,HESN,ASW,
3200,HETB,medium_airport,Taba International Airport,29.5877990723,34.778099060100004,AS,EG,EG-SIN,HETB,TCP,
3204,HHSB,medium_airport,Assab International Airport,13.071800231933596,42.64500045776367,AF,ER,ER-DK,HHSB,ASA,
3204,HHSB,medium_airport,Assab International Airport,13.071800231933596,42.64500045776367,AF,ER,ER-DK,HHSB,ASA,
3205,HKEL,medium_airport,Eldoret International Airport,0.4044579863548279,35.23889923095703,AF,KE,KE-700,HKEL,EDL,
3208,HKKI,medium_airport,Kisumu Airport,-0.0861390009522438,34.72890090942383,AF,KE,KE-600,HKKI,KIS,
3209,HKKT,medium_airport,Kitale Airport,0.9719889760017396,34.95859909057617,AF,KE,KE-700,HKKT,KTL,
3210,HKLK,medium_airport,Lokichoggio Airport,4.20412015914917,34.348201751708984,AF,KE,KE-700,HKLK,LKG,
3211,HKLO,medium_airport,Lodwar Airport,3.1219699382781982,35.608699798583984,AF,KE,KE-700,HKLO,LOK,
3212,HKLU,medium_airport,Manda Airstrip,-2.252419948577881,40.91310119628906,AF,KE,KE-300,HKLU,LAU,
31594,HKMS,medium_airport,Mara Serena Lodge Airstrip,-1.406111,35.008057,AF,KE,KE-700,HKMS,MRE,
3221,HLGT,medium_airport,Ghat Airport,25.1455993652,10.142600059500001,AF,LY,LY-GT,HLGT,GHT,
3232,HLTD,medium_airport,Ghadames East Airport,30.15169906616211,9.715310096740724,AF,LY,LY-NL,HLTD,LTD,
3238,HRZA,medium_airport,Kamembe Airport,-2.462239980697632,28.907899856567386,AF,RW,RW-04,HRZA,KME,
300862,HSFA,medium_airport,"Paloich Airport, Heliport",10.529167,32.500556,AF,SS,SS-23,HSFA,HGI,
3242,HSKA,medium_airport,Kassala Airport,15.387499809265135,36.328800201416016,AF,SD,SD-05,HSKA,KSL,
300673,HSMN,medium_airport,Merowe New Airport,18.4433333333,31.8433333333,AF,SD,SD-01,HSMN,MWE,
3249,HSSS,large_airport,Khartoum International Airport,15.589500427246096,32.55319976806641,AF,SD,SD-03,HSSS,KRT,
30553,HSWW,medium_airport,Wau Airport,7.7258300781199996,27.9750003815,AF,SS,SS-14,HSWW,WUU,
3252,HTDO,medium_airport,Dodoma Airport,-6.170440196990968,35.752601623535156,AF,TZ,TZ-03,HTDO,DOD,
318875,HTGW,medium_airport,Songwe Airport,-8.919942,33.273981,AF,TZ,TZ-14,HTGW,MBI,
318875,HTGW,medium_airport,Songwe Airport,-8.919942,33.273981,AF,TZ,TZ-14,HTGW,MBI,
3253,HTIR,medium_airport,Iringa Airport,-7.668630123138428,35.75210189819336,AF,TZ,TZ-04,HTIR,IRI,
3255,HTLM,medium_airport,Lake Manyara Airport,-3.376310110092163,35.81829833984375,AF,TZ,TZ-26,HTLM,LKY,
3257,HTMW,medium_airport,Mwanza Airport,-2.4444899559021,32.932701110839844,AF,TZ,TZ-18,HTMW,MWZ,
3257,HTMW,medium_airport,Mwanza Airport,-2.4444899559021,32.932701110839844,AF,TZ,TZ-18,HTMW,MWZ,
3263,HUEN,large_airport,Entebbe International Airport,0.042386,32.443501,AF,UG,UG-C,HUEN,EBB,
3264,HUGU,medium_airport,Gulu Airport,2.8055601119995117,32.271800994873054,AF,UG,UG-N,HUGU,ULU,
3265,HUSO,medium_airport,Soroti Airport,1.7276899814605713,33.62279891967773,AF,UG,UG-E,HUSO,SRT,
3265,HUSO,medium_airport,Soroti Airport,1.7276899814605713,33.62279891967773,AF,UG,UG-E,HUSO,SRT,
27302,IBL,medium_airport,Indigo Bay Lodge Airport,-21.708,35.452801,AF,MZ,MZ-I,,IBL,
44509,IQ-0016,medium_airport,H1 New Air Base,33.81869888305664,41.43220138549805,AS,IQ,IQ-AN,,,
44509,IQ-0016,medium_airport,H1 New Air Base,33.81869888305664,41.43220138549805,AS,IQ,IQ-AN,,,
44536,IQ-0042,medium_airport,Sahl Sinjar Air Base,35.8592643737793,42.14213943481445,AS,IQ,IQ-NI,,,
44536,IQ-0042,medium_airport,Sahl Sinjar Air Base,35.8592643737793,42.14213943481445,AS,IQ,IQ-NI,,,
44539,IQ-0045,medium_airport,Samarra East Air Base,34.166488647460945,44.2632064819336,AS,IQ,IQ-SD,,,
44545,IQ-0051,medium_airport,Tal Ashtah New Air Base,35.139720916699986,44.1338882446,AS,IQ,IQ-TS,,,
44549,IQ-0055,medium_airport,Wadi Al Khirr New Air Base,31.41740226745605,43.1823616027832,AS,IQ,IQ-NA,,,
44549,IQ-0055,medium_airport,Wadi Al Khirr New Air Base,31.41740226745605,43.1823616027832,AS,IQ,IQ-NA,,,
331433,JNB,large_airport,O R Tambo International,-26.1392,28.246,AF,ZA,ZA-U-A,FAOR,JNB,
42550,KWY,medium_airport,Kiwayu Airport,-1.9605599641799933,41.29750061035156,AF,KE,KE-300,,KWY,
42550,KWY,medium_airport,Kiwayu Airport,-1.9605599641799933,41.29750061035156,AF,KE,KE-300,,KWY,
3974,LBBG,large_airport,Burgas Airport,42.56959915161133,27.515199661254893,EU,BG,BG-02,LBBG,BOJ,
93,LBWB,medium_airport,Balchik Air Base,43.42380142211914,28.18129920959473,EU,BG,BG-03,LBWB,,
3979,LBWN,large_airport,Varna Airport,43.232101,27.8251,EU,BG,BG-03,LBWN,VAR,
30979,LCEN,medium_airport,Ercan International Airport,35.15470123291016,33.49610137939453,AS,CY,CY-02,LCEN,ECN,
30979,LCEN,medium_airport,Ercan International Airport,35.15470123291016,33.49610137939453,AS,CY,CY-02,LCEN,ECN,
3980,LCLK,large_airport,Larnaca International Airport,34.875099182128906,33.62490081787109,AS,CY,CY-04,LCLK,LCA,
3980,LCLK,large_airport,Larnaca International Airport,34.875099182128906,33.62490081787109,AS,CY,CY-04,LCLK,LCA,
3981,LCPH,large_airport,Paphos International Airport,34.71799850463867,32.48569869995117,AS,CY,CY-06,LCPH,PFO,
3982,LCRA,large_airport,RAF Akrotiri,34.590401,32.9879,EU,GB,GB-U-A,LCRA,AKT,
3982,LCRA,large_airport,RAF Akrotiri,34.590401,32.9879,EU,GB,GB-U-A,LCRA,AKT,
4104,LFGA,medium_airport,Colmar-Houssen Airport,48.109901428222656,7.359010219573975,EU,FR,FR-GES,LFGA,CMR,
4123,LFKB,medium_airport,Bastia-Poretta Airport,42.55270004272461,9.48373031616211,EU,FR,FR-COR,LFKB,BIA,
4124,LFKC,medium_airport,Calvi-Sainte-Catherine Airport,42.52444439999999,8.793055599999999,EU,FR,FR-COR,LFKC,CLY,
4125,LFKF,medium_airport,Figari Sud-Corse Airport,41.5005989074707,9.097780227661133,EU,FR,FR-COR,LFKF,FSC,
4126,LFKJ,medium_airport,Ajaccio-Napoléon Bonaparte Airport,41.92359924316406,8.8029203414917,EU,FR,FR-COR,LFKJ,AJA,
4128,LFKS,medium_airport,Solenzara (BA 126) Air Base,41.924400329589844,9.406000137329102,EU,FR,FR-COR,LFKS,SOZ,
4156,LFMN,large_airport,Nice-Côte d'Azur Airport,43.658401489300005,7.215869903560001,EU,FR,FR-PAC,LFMN,NCE,
4201,LFQP,medium_airport,Phalsbourg-Bourscheid Air Base,48.7680556,7.205,EU,FR,FR-GES,LFQP,,
4226,LFSB,large_airport,EuroAirport Basel-Mulhouse-Freiburg Airport,47.59,7.529167,EU,FR,FR-GES,LFSB,BSL,
4238,LFST,medium_airport,Strasbourg Airport,48.53829956054688,7.628230094909668,EU,FR,FR-GES,LFST,SXB,
4264,LGKO,medium_airport,Kos Airport,36.79330062866211,27.09169960021973,EU,GR,GR-81,LGKO,KGS,
4265,LGKP,medium_airport,Karpathos Airport,35.4213981628418,27.145999908447266,EU,GR,GR-81,LGKP,AOK,
4275,LGMT,medium_airport,Mytilene International Airport,39.0567016602,26.5983009338,EU,GR,GR-83,LGMT,MJT,
4279,LGRP,medium_airport,Diagoras Airport,36.40539932250977,28.086200714111328,EU,GR,GR-81,LGRP,RHO,
4283,LGSM,medium_airport,Samos Airport,37.68999862670898,26.911699295043945,EU,GR,GR-84,LGSM,SMI,
4330,LIEA,medium_airport,Alghero-Fertilia Airport,40.632099,8.29077,EU,IT,IT-88,LIEA,AHO,SS02
4331,LIED,medium_airport,Decimomannu Air Base,39.354198,8.972480000000003,EU,IT,IT-88,LIED,DCI,CA12
4332,LIEE,large_airport,Cagliari Elmas Airport,39.251499,9.05428,EU,IT,IT-88,LIEE,CAG,CA07
4333,LIEO,medium_airport,Olbia Costa Smeralda Airport,40.898701,9.51763,EU,IT,IT-88,LIEO,OLB,SS03
4334,LIET,medium_airport,Tortolì Airport,39.9188,9.68298,EU,IT,IT-88,LIET,TTB,NU01
29425,LILA,medium_airport,Alessandria Airport,44.925201,8.62513,EU,IT,IT-21,LILA,,AL03
4335,LILE,medium_airport,Biella-Cerrione Airport,45.4953,8.102780000000001,EU,IT,IT-21,LILE,,BI03
29428,LILI,medium_airport,Vercelli Airport,45.310233,8.417935,EU,IT,IT-21,LILI,,VC04
29429,LILM,medium_airport,Casale Monferrato Airport,45.111198,8.45603,EU,IT,IT-21,LILM,,AL04
4337,LILN,medium_airport,Varese-Venegono Airport,45.742199,8.888233,EU,IT,IT-25,LILN,,VA02
4338,LIMA,medium_airport,Torino-Aeritalia Airport,45.086399,7.60337,EU,IT,IT-21,LIMA,,TO12
4340,LIMC,large_airport,Malpensa International Airport,45.6306,8.728110000000001,EU,IT,IT-25,LIMC,MXP,MI12
4341,LIME,large_airport,Il Caravaggio International Airport,45.673901,9.70417,EU,IT,IT-25,LIME,BGY,BG01
4342,LIMF,large_airport,Turin Airport,45.200802,7.64963,EU,IT,IT-21,LIMF,TRN,TO11
4343,LIMG,medium_airport,Villanova D'Albenga International Airport,44.050598,8.12743,EU,IT,IT-42,LIMG,ALL,SV01
4344,LIMJ,large_airport,Genoa Cristoforo Colombo Airport,44.4133,8.8375,EU,IT,IT-42,LIMJ,GOA,GE01
4345,LIML,large_airport,Milano Linate Airport,45.445099,9.27674,EU,IT,IT-25,LIML,LIN,MI11
4346,LIMN,medium_airport,Cameri Air Base [MIL],45.529598,8.66922,EU,IT,IT-21,LIMN,,NO08
4347,LIMP,medium_airport,Parma Airport,44.824501,10.2964,EU,IT,IT-45,LIMP,PMF,PR03
30196,LIMR,medium_airport,Novi Ligure Airport,44.779999,8.786389999999999,EU,IT,IT-21,LIMR,,AL05
4348,LIMS,medium_airport,Piacenza San Damiano Air Base,44.913102,9.723322,EU,IT,IT-45,LIMS,,PC08
4349,LIMW,medium_airport,Aosta Airport,45.738499,7.36872,EU,IT,IT-23,LIMW,AOT,AO01
4350,LIMZ,medium_airport,Cuneo International Airport,44.547001,7.62322,EU,IT,IT-21,LIMZ,CUF,CN03
4358,LIPL,medium_airport,Ghedi Air Base,45.432201,10.2677,EU,IT,IT-25,LIPL,,BS12
4360,LIPO,medium_airport,Brescia Airport,45.428902,10.3306,EU,IT,IT-25,LIPO,VBS,BS04
29441,LIQW,medium_airport,Sarzana-Luni Air Base,44.088001,9.98795,EU,IT,IT-42,LIQW,QLP,SP01
4375,LIRJ,medium_airport,Marina Di Campo Airport,42.7603,10.2394,EU,IT,IT-52,LIRJ,EBA,LI04
4379,LIRP,large_airport,Pisa International Airport,43.683899,10.3927,EU,IT,IT-52,LIRP,PSA,PI05
4411,LLBG,large_airport,Ben Gurion International Airport,32.011398315429695,34.88669967651367,AS,IL,IL-M,LLBG,TLV,
4413,LLEK,medium_airport,Tel Nof Air Base,31.839500427199997,34.8218002319,AS,IL,IL-M,LLEK,,
330388,LLER,medium_airport,Ramon Airport,29.723694,35.011416,AS,IL,IL-D,LLER,ETM,
4417,LLHA,medium_airport,Haifa International Airport,32.809398651123054,35.04309844970703,AS,IL,IL-HA,LLHA,HFA,
4419,LLIB,medium_airport,Ben Ya'akov Airport,32.98099899291992,35.5718994140625,AS,IL,IL-Z,LLIB,RPN,
4421,LLMZ,medium_airport,Bar Yehuda Airfield,31.32819938659668,35.38859939575195,AS,IL,IL-D,LLMZ,MTZ,
4422,LLNV,medium_airport,Nevatim Air Base,31.2082996368,35.012298584,AS,IL,IL-D,LLNV,VTM,
4423,LLOV,large_airport,Ovda International Airport,29.94029998779297,34.93579864501953,AS,IL,IL-D,LLOV,VDA,
4424,LLRD,medium_airport,Ramat David Air Base,32.66510009765625,35.179500579833984,AS,IL,IL-Z,LLRD,,
4425,LLRM,medium_airport,Ramon Air Base,30.77610015869141,34.666698455810554,AS,IL,IL-D,LLRM,MIP,
4426,LLSD,medium_airport,Sde Dov Airport,32.114700317382805,34.78219985961914,AS,IL,IL-TA,LLSD,SDV,
5667,LR79,medium_airport,Ianca Air Base,45.158699,27.430901,EU,RO,RO-BR,,,
5668,LR80,medium_airport,Feteşti Air Base,44.3923,27.7267,EU,RO,RO-IL,LRFT,,
5670,LR82,medium_airport,Boboc Air Base,45.2164,26.9786,EU,RO,RO-BZ,LRBO,,
4472,LRBC,medium_airport,Bacău Airport,46.52190017700195,26.91029930114746,EU,RO,RO-BC,LRBC,BCM,
4475,LRCK,medium_airport,Mihail Kogălniceanu International Airport,44.36220169067383,28.488300323486328,EU,RO,RO-CT,LRCK,CND,
4480,LRIA,medium_airport,Iaşi Airport,47.17850112915039,27.6205997467041,EU,RO,RO-IS,LRIA,IAS,
4485,LRSV,medium_airport,Suceava Stefan cel Mare Airport,47.6875,26.35409927368164,EU,RO,RO-SV,LRSV,SCV,
4486,LRTC,medium_airport,Tulcea Airport,45.0625,28.71430015563965,EU,RO,RO-TL,LRTC,TCE,
4492,LSGS,medium_airport,Sion Airport,46.2196006775,7.326759815220001,EU,CH,CH-VS,LSGS,SIR,
4493,LSMA,medium_airport,Alpnach Air Base,46.943901,8.28417,EU,CH,CH-OW,LSMA,,
4494,LSMD,medium_airport,Dübendorf Air Base,47.398601532,8.648229599,EU,CH,CH-ZH,LSMD,,
4495,LSME,medium_airport,Emmen Air Base,47.092444,8.305183999999999,EU,CH,CH-LU,LSME,EML,
4496,LSMF,medium_airport,Mollis Airport,47.07889938354492,9.06482982635498,EU,CH,CH-GL,LSMF,,
4502,LSZA,medium_airport,Lugano Airport,46.00429916379999,8.9105796814,EU,CH,CH-TI,LSZA,LUG,
4503,LSZB,medium_airport,Bern Belp Airport,46.914100647,7.4971499443099985,EU,CH,CH-BE,LSZB,BRN,
4504,LSZG,medium_airport,Grenchen Airport,47.181599,7.41719,EU,CH,CH-SO,LSZG,ZHI,
4505,LSZH,large_airport,Zürich Airport,47.464699,8.54917,EU,CH,CH-ZH,LSZH,ZRH,
4506,LSZR,medium_airport,St Gallen Altenrhein Airport,47.4850006104,9.560770034789998,EU,CH,CH-SG,LSZR,ACH,
4507,LSZS,medium_airport,Samedan Airport,46.53409957885742,9.884110450744627,EU,CH,CH-GR,LSZS,SMV,
4509,LTAC,large_airport,Esenboğa International Airport,40.128101348899996,32.995098114,AS,TR,TR-06,LTAC,ESB,
4509,LTAC,large_airport,Esenboğa International Airport,40.128101348899996,32.995098114,AS,TR,TR-06,LTAC,ESB,
4510,LTAD,medium_airport,Etimesgut Air Base,39.949798584,32.6885986328,AS,TR,TR-06,LTAD,ANK,
4511,LTAE,medium_airport,Akıncı Air Base,40.0788993835,32.565601348899996,AS,TR,TR-06,LTAE,,
4512,LTAF,large_airport,Adana Airport,36.982200622600004,35.2803993225,AS,TR,TR-01,LTAF,ADA,
4513,LTAG,medium_airport,İncirlik Air Base,37.0021018982,35.4258995056,AS,TR,TR-01,LTAG,UAB,
4518,LTAN,medium_airport,Konya Airport,37.979,32.561901,AS,TR,TR-42,LTAN,KYA,
4523,LTAU,medium_airport,Kayseri Erkilet Airport,38.770401000999996,35.4953994751,AS,TR,TR-38,LTAU,ASR,
4525,LTAW,medium_airport,Tokat Airport,40.307430267333984,36.367408752441406,AS,TR,TR-60,LTAW,TJK,
4528,LTBA,large_airport,Atatürk International Airport,40.976898,28.8146,AS,TR,TR-34,LTBA,ISL,
4529,LTBF,medium_airport,Balıkesir Merkez Airport,39.619300842285156,27.92600059509277,AS,TR,TR-10,LTBF,BZI,
4530,LTBG,medium_airport,Bandırma Airport,40.31800079345703,27.97769927978516,AS,TR,TR-10,LTBG,BDM,
4531,LTBH,medium_airport,Çanakkale Airport,40.1376991272,26.4267997742,AS,TR,TR-17,LTBH,CKZ,
4533,LTBJ,large_airport,Adnan Menderes International Airport,38.292400360100004,27.156999588,AS,TR,TR-35,LTBJ,ADB,
4535,LTBL,medium_airport,Çiğli Airport,38.5130004883,27.010099411,AS,TR,TR-35,LTBL,IGL,
4542,LTBS,large_airport,Dalaman International Airport,36.7131004333,28.792499542199998,AS,TR,TR-48,LTBS,DLM,
4543,LTBT,medium_airport,Akhisar Airport,38.80889892578125,27.83390045166016,AS,TR,TR-45,LTBT,,
4544,LTBU,medium_airport,Tekirdağ Çorlu Airport,41.13819885253906,27.919099807739247,EU,TR,TR-59,LTBU,TEQ,
4551,LTCE,large_airport,Erzurum International Airport,39.9565010071,41.17020034789999,AS,TR,TR-25,LTCE,ERZ,
4551,LTCE,large_airport,Erzurum International Airport,39.9565010071,41.17020034789999,AS,TR,TR-25,LTCE,ERZ,
4552,LTCF,medium_airport,Kars Airport,40.562198638916016,43.1150016784668,AS,TR,TR-36,LTCF,KSY,
4552,LTCF,medium_airport,Kars Airport,40.562198638916016,43.1150016784668,AS,TR,TR-36,LTCF,KSY,
4555,LTCI,medium_airport,Van Ferit Melen Airport,38.46820068359375,43.332298278808594,AS,TR,TR-65,LTCI,VAN,
4556,LTCJ,medium_airport,Batman Airport,37.929000854499996,41.1166000366,AS,TR,TR-72,LTCJ,BAL,
4557,LTCK,medium_airport,Muş Airport,38.74779891967773,41.66120147705078,AS,TR,TR-49,LTCK,MSR,
4557,LTCK,medium_airport,Muş Airport,38.74779891967773,41.66120147705078,AS,TR,TR-49,LTCK,MSR,
4558,LTCL,medium_airport,Siirt Airport,37.97890090942383,41.84040069580078,AS,TR,TR-56,LTCL,SXZ,
4558,LTCL,medium_airport,Siirt Airport,37.97890090942383,41.84040069580078,AS,TR,TR-56,LTCL,SXZ,
4560,LTCO,medium_airport,Ağrı Airport,39.654541015625,43.025978088378906,AS,TR,TR-04,LTCO,AJI,
4560,LTCO,medium_airport,Ağrı Airport,39.654541015625,43.025978088378906,AS,TR,TR-04,LTCO,AJI,
316546,LTCV,medium_airport,Şırnak Şerafettin Elçi Airport,37.3647,42.0582,AS,TR,TR-73,LTCV,NKT,
316546,LTCV,medium_airport,Şırnak Şerafettin Elçi Airport,37.3647,42.0582,AS,TR,TR-73,LTCV,NKT,
317863,LTCW,medium_airport,Hakkari Yüksekova Airport,37.5497,44.2381,AS,TR,TR-30,LTCW,YKO,
44484,LTDA,medium_airport,Hatay Airport,36.36277771,36.282222747800006,AS,TR,TR-31,LTDA,HTY,
4566,LTFD,medium_airport,Balıkesir Körfez Airport,39.554599761999995,27.013799667399997,AS,TR,TR-10,LTFD,EDO,
4567,LTFE,large_airport,Milas Bodrum International Airport,37.25059890749999,27.664300918600002,AS,TR,TR-48,LTFE,BJV,
317457,LTFM,large_airport,Istanbul Airport,41.275278,28.751944,AS,TR,TR-34,LTFM,IST,
44487,LTGP,medium_airport,Gazipaşa Airport,36.299217,32.300598,AS,TR,TR-07,LTFG,GZP,
4570,LUBL,medium_airport,Bălți International Airport,47.843056,27.777222,EU,MD,MD-RS,LUBL,BZY,
4630,LUBM,medium_airport,Mărculeşti International Airport,47.86270141601562,28.212799072265625,EU,MD,MD-FR,LUBM,,
44412,LUCH,medium_airport,Cahul International Airport,45.843799591099994,28.2637004852,EU,MD,MD-BL,LUCH,,
4571,LUKK,medium_airport,Chişinău International Airport,46.92770004272461,28.93099975585937,EU,MD,MD-C,LUKK,KIV,
5008,NTTP,medium_airport,Maupiti Airport,-16.42650032043457,-152.24400329589844,OC,PF,PF-U-A,NTTP,MAU,
5010,NVSS,medium_airport,Santo Pekoa International Airport,-15.505000114399998,167.220001221,OC,VU,VU-SAM,NVSS,SON,
30778,NWWC,medium_airport,Île Art - Waala Airport,-19.720600128173828,163.66099548339844,OC,NC,NC-U-A,NWWC,BMY,
5013,NWWD,medium_airport,Koné Airport,-21.05430030822754,164.83700561523438,OC,NC,NC-U-A,NWWD,KNQ,
5014,NWWE,medium_airport,Île des Pins Airport,-22.58889961242676,167.45599365234375,OC,NC,NC-U-A,NWWE,ILP,
5015,NWWK,medium_airport,Koumac Airport,-20.546300888061523,164.25599670410156,OC,NC,NC-U-A,NWWK,KOC,
5016,NWWL,medium_airport,Lifou Airport,-20.774799346923828,167.24000549316406,OC,NC,NC-U-A,NWWL,LIF,
5017,NWWM,medium_airport,Nouméa Magenta Airport,-22.25830078125,166.47300720214844,OC,NC,NC-U-A,NWWM,GEA,
5019,NWWU,medium_airport,Touho Airport,-20.790000915527344,165.25900268554688,OC,NC,NC-U-A,NWWU,TOU,
5020,NWWV,medium_airport,Ouvéa Airport,-20.640600204467773,166.572998046875,OC,NC,NC-U-A,NWWV,UVE,
5021,NWWW,medium_airport,La Tontouta International Airport,-22.01460075378418,166.21299743652344,OC,NC,NC-U-A,NWWW,NOU,
5035,NZIR,medium_airport,McMurdo Station Ice Runway,-77.85399627685547,166.468994140625,AN,AQ,AQ-U-A,NZIR,,
5048,NZPG,medium_airport,McMurdo Station Pegasus Field,-77.9634017944336,166.52499389648438,AN,AQ,AQ-U-A,NZPG,,
5059,NZWD,medium_airport,Williams Field,-77.86740112304688,167.0570068359375,AN,AQ,AQ-U-A,NZWD,,
5082,OEAB,medium_airport,Abha Regional Airport,18.2404003143,42.65660095210001,AS,SA,SA-14,OEAB,AHB,
5082,OEAB,medium_airport,Abha Regional Airport,18.2404003143,42.65660095210001,AS,SA,SA-14,OEAB,AHB,
5084,OEBA,medium_airport,Al Baha Airport,20.296100616500002,41.6343002319,AS,SA,SA-11,OEBA,ABT,
5084,OEBA,medium_airport,Al Baha Airport,20.296100616500002,41.6343002319,AS,SA,SA-11,OEBA,ABT,
5085,OEBH,medium_airport,Bisha Airport,19.984399795532227,42.62089920043945,AS,SA,SA-14,OEBH,BHH,
5085,OEBH,medium_airport,Bisha Airport,19.984399795532227,42.62089920043945,AS,SA,SA-14,OEBH,BHH,
5088,OEDM,medium_airport,King Salman Abdulaziz Airport,24.4499,44.121201,AS,SA,SA-01,OEDM,DWD,
5090,OEGN,medium_airport,Jizan Regional Airport,16.901100158691403,42.58580017089844,AS,SA,SA-09,OEGN,GIZ,
5090,OEGN,medium_airport,Jizan Regional Airport,16.901100158691403,42.58580017089844,AS,SA,SA-09,OEGN,GIZ,
5091,OEGS,medium_airport,Gassim Airport,26.30279922485352,43.77439880371094,AS,SA,SA-05,OEGS,ELQ,
5093,OEHL,medium_airport,Ha'il Airport,27.437901,41.686298,AS,SA,SA-06,OEHL,HAS,
5093,OEHL,medium_airport,Ha'il Airport,27.437901,41.686298,AS,SA,SA-06,OEHL,HAS,
5099,OEKM,medium_airport,King Khaled Air Base,18.29730033874512,42.80350112915039,AS,SA,SA-14,OEKM,KMX,
5099,OEKM,medium_airport,King Khaled Air Base,18.29730033874512,42.80350112915039,AS,SA,SA-14,OEKM,KMX,
332512,OENN,medium_airport,Neom Airport,27.927598,35.28874000000001,AS,SA,SA-07,OENN,NUM,
5111,OERF,medium_airport,Rafha Domestic Airport,29.626399993896484,43.4906005859375,AS,SA,SA-08,OERF,RAH,
5114,OERR,medium_airport,Arar Domestic Airport,30.90660095214844,41.13819885253906,AS,SA,SA-08,OERR,RAE,
5114,OERR,medium_airport,Arar Domestic Airport,30.90660095214844,41.13819885253906,AS,SA,SA-08,OERR,RAE,
5128,OEWJ,medium_airport,Al Wajh Domestic Airport,26.19860076904297,36.47639846801758,AS,SA,SA-07,OEWJ,EJH,
5212,OJAI,large_airport,Queen Alia International Airport,31.7226009369,35.9931983948,AS,JO,JO-AM,OJAI,AMM,
5213,OJAM,medium_airport,Amman-Marka International Airport,31.972700119018555,35.991600036621094,AS,JO,JO-AM,OJAM,ADJ,
5214,OJAQ,medium_airport,Aqaba King Hussein International Airport,29.61160087585449,35.01810073852539,AS,JO,JO-AQ,OJAQ,AQJ,
5222,OLBA,large_airport,Beirut Rafic Hariri International Airport,33.820899963378906,35.488399505615234,AS,LB,LB-JL,OLBA,BEY,
5223,OLKA,medium_airport,Rene Mouawad Air Base,34.589298248291016,36.01129913330078,AS,LB,LB-AS,OLKA,KYE,
5224,OLRA,medium_airport,Rayak Air Base,33.850799560546875,35.987701416015625,AS,LB,LB-BI,OLRA,,
5286,ORAA,medium_airport,Al Asad Air Base,33.7855987549,42.4412002563,AS,IQ,IQ-AN,ORAA,IQA,
5286,ORAA,medium_airport,Al Asad Air Base,33.7855987549,42.4412002563,AS,IQ,IQ-AN,ORAA,IQA,
5287,ORAT,medium_airport,Al Taqaddum Air Base,33.33810043335,43.597099304199,AS,IQ,IQ-AN,ORAT,TQD,
5288,ORBD,medium_airport,Joint Base Balad,33.940201,44.361599,AS,IQ,IQ-SD,ORBD,,OR9
5289,ORBI,large_airport,Baghdad International Airport,33.262500762900004,44.2346000671,AS,IQ,IQ-BG,ORBI,BGW,
5290,ORBM,medium_airport,Mosul International Airport,36.305801,43.1474,AS,IQ,IQ-NI,ORBM,OSM,
5290,ORBM,medium_airport,Mosul International Airport,36.305801,43.1474,AS,IQ,IQ-NI,ORBM,OSM,
5292,ORER,medium_airport,Erbil International Airport,36.23759841918945,43.96319961547852,AS,IQ,IQ-AR,ORER,EBL,
5293,ORKK,medium_airport,Kirkuk Air Base,35.46950149536133,44.348899841308594,AS,IQ,IQ-TS,ORKK,KIK,
5295,ORQW,medium_airport,Qayyarah West Airport,35.76720047,43.1250991821,AS,IQ,IQ-NI,ORQW,RQW,
5295,ORQW,medium_airport,Qayyarah West Airport,35.76720047,43.1250991821,AS,IQ,IQ-NI,ORQW,RQW,
5296,ORSH,medium_airport,Al Sahra Army Air Field,34.67319869995117,43.54299926757813,AS,IQ,IQ-SD,ORSH,,
5298,ORTF,medium_airport,Tall Afar Army Air Field,36.28310012817383,42.40299987792969,AS,IQ,IQ-NI,ORTF,,
5298,ORTF,medium_airport,Tall Afar Army Air Field,36.28310012817383,42.40299987792969,AS,IQ,IQ-NI,ORTF,,
5299,ORTI,medium_airport,Al Taji Army Air Field,33.52389907836914,44.25669860839844,AS,IQ,IQ-BG,ORTI,,
5303,OSDI,large_airport,Damascus International Airport,33.4114990234375,36.51559829711914,AS,SY,SY-DI,OSDI,DAM,
5305,OSKL,medium_airport,Kamishly Airport,37.020599365234375,41.19139862060547,AS,SY,SY-HA,OSKL,KAC,
5305,OSKL,medium_airport,Kamishly Airport,37.020599365234375,41.19139862060547,AS,SY,SY-HA,OSKL,KAC,
5306,OSLK,large_airport,Bassel Al-Assad International Airport,35.401100158691406,35.948699951171875,AS,SY,SY-LA,OSLK,LTK,
5316,OYHD,medium_airport,Hodeidah International Airport,14.753000259399414,42.97629928588867,AS,YE,YE-HU,OYHD,HOD,
5316,OYHD,medium_airport,Hodeidah International Airport,14.753000259399414,42.97629928588867,AS,YE,YE-HU,OYHD,HOD,
5318,OYSN,medium_airport,Sana'a International Airport,15.476300239562988,44.21969985961914,AS,YE,YE-SN,OYSN,SAH,
5321,OYTZ,medium_airport,Ta'izz International Airport,13.6859998703,44.139099121099996,AS,YE,YE-TA,OYTZ,TAI,
5353,PADQ,medium_airport,Kodiak Airport,57.75,-152.4940033,,US,US-AK,PADQ,ADQ,ADQ
5506,PWAK,medium_airport,Wake Island Airfield,19.282100677490234,166.63600158691406,OC,UM,UM-79,PWAK,AWK,AWK
34945,RU-0010,medium_airport,Balashov Air Base,51.53329849243164,43.29999923706055,EU,RU,RU-SAR,,,
34953,RU-0014,medium_airport,Borisoglebsk Air Base,51.366699,42.178299,EU,RU,RU-VOR,,,XUOB
34953,RU-0014,medium_airport,Borisoglebsk Air Base,51.366699,42.178299,EU,RU,RU-VOR,,,XUOB
34955,RU-0015,medium_airport,Khotilovo Air Base,57.65499877929688,34.09999847412109,EU,RU,RU-TVE,,,
34955,RU-0015,medium_airport,Khotilovo Air Base,57.65499877929688,34.09999847412109,EU,RU,RU-TVE,,,
42971,RU-0043,medium_airport,Mius Airport,54.9583320618,43.311668396,EU,RU,RU-NIZ,,,XUDM
43014,RU-0064,medium_airport,Ostrov Naval Air Base,57.299999,28.4333,EU,RU,RU-PSK,,,XLOS
43015,RU-0065,medium_airport,Pribylovo Naval Air Base,60.45833206176758,28.74666786193848,EU,RU,RU-LEN,,,
44323,RU-0098,medium_airport,Oktyabrskiy Air Base,47.97000122070313,43.72000122070313,EU,RU,RU-VGG,,,
44380,RU-0128,medium_airport,Budyonnovsk Air Base,44.83000183105469,44.01300048828125,EU,RU,RU-STA,,,
44899,RU-0217,medium_airport,Sormovo Airfield,56.31999969482422,43.79999923706055,EU,RU,RU-NIZ,,,
44998,RU-0240,medium_airport,Seshcha Air Base,53.715,33.34,EU,RU,RU-BRY,,,
44998,RU-0240,medium_airport,Seshcha Air Base,53.715,33.34,EU,RU,RU-BRY,,,
35116,RU-3686,medium_airport,Vorotynsk Air Base,54.4682998657,36.073299408000004,EU,RU,RU-KLU,,,
35094,RU-4339,medium_airport,Tambov Air Base,52.70062637329102,41.374168395996094,EU,RU,RU-TAM,,,
35094,RU-4339,medium_airport,Tambov Air Base,52.70062637329102,41.374168395996094,EU,RU,RU-TAM,,,
35046,RU-4464,large_airport,Olenya Air Base,68.15180206298801,33.463901519775,EU,RU,RU-MUR,,,XLMO
35046,RU-4464,large_airport,Olenya Air Base,68.15180206298801,33.463901519775,EU,RU,RU-MUR,,,XLMO
35079,RU-4609,medium_airport,Shatalovo Air Base,54.34000015258789,32.47330093383789,EU,RU,RU-SMO,,,
35000,RU-5276,medium_airport,Kilpyavr Air Base,69.09670257568361,32.40829849243164,EU,RU,RU-MUR,,,
35084,RU-5376,medium_airport,Smuravyovo Air Base,58.814999,28.0133,EU,RU,RU-PSK,,,XLLG
34993,RU-5672,medium_airport,Ivanovo North Air Base,57.05830001831055,40.9817008972168,EU,RU,RU-IVA,,,
35123,RU-9545,medium_airport,Zherdevka Air Base,51.83330154418945,41.54999923706055,EU,RU,RU-TAM,,,
35123,RU-9545,medium_airport,Zherdevka Air Base,51.83330154418945,41.54999923706055,EU,RU,RU-TAM,,,
35066,RU-9937,medium_airport,Rzhev Air Base,56.2599983215332,34.40829849243164,EU,RU,RU-TVE,,,
35080,RU-9942,medium_airport,Shaykovka Air Base,54.22669982910156,34.371700286865234,EU,RU,RU-KLU,,,
41135,SD-0001,medium_airport,Wadi Seidna Air Base,15.817399978637695,32.51599884033203,AF,SD,SD-03,,,
44483,TN-0002,large_airport,Enfidha - Hammamet International Airport,36.075833,10.438611,AF,TN,TN-51,DTNH,NBE,DTNH
44492,TR-0004,medium_airport,Temelli Air Base,39.73885726928711,32.37863922119141,AS,TR,TR-06,,,
44790,TR-0026,medium_airport,Iğdır Airport,39.9766273499,43.8766479492,AS,TR,TR-76,LTCT,IGD,
44792,TR-0028,medium_airport,Keşan Airport,40.7862014771,26.606300354000002,EU,TR,TR-22,,,
324731,TR-0044,large_airport,Çukurova Airport,36.895545,35.069381,AS,TR,TR-33,,,
43013,UA-0005,medium_airport,Nizhyn Air Base,51.088535308800004,31.8709945679,EU,UA,UA-74,,,
44294,UA-0010,medium_airport,Oktyabrskoe Air Base,45.31999969482422,34.09999847412109,EU,UA,UA-43,,,
44294,UA-0010,medium_airport,Oktyabrskoe Air Base,45.31999969482422,34.09999847412109,EU,UA,UA-43,,,
44297,UA-0012,medium_airport,Kirovskoe Air Base,45.16699981689453,35.182998657226555,EU,UA,UA-43,,,
44311,UA-0020,medium_airport,Melitopol Air Base,46.880001,35.305,EU,UA,UA-23,UKDM,,
44313,UA-0022,medium_airport,Kacha Air Base,44.77999877929688,33.56999969482422,EU,UA,UA-43,,,
44313,UA-0022,medium_airport,Kacha Air Base,44.77999877929688,33.56999969482422,EU,UA,UA-43,,,
44376,UA-0028,medium_airport,Zhovtneve Air Base,45.63999938964844,28.670000076293945,EU,UA,UA-51,,,
44377,UA-0029,medium_airport,Bolshoy Tokmak Air Base,47.28499984741211,35.709999084472656,EU,UA,UA-23,,,
6444,UDSG,medium_airport,Gyumri Shirak Airport,40.7504005432,43.859298706100006,AS,AM,AM-SH,UDSG,LWN,
6451,UGKO,medium_airport,Kopitnari Airport,42.176700591999996,42.4826011658,AS,GE,GE-IM,UGKO,KUT,
6451,UGKO,medium_airport,Kopitnari Airport,42.176700591999996,42.4826011658,AS,GE,GE-IM,UGKO,KUT,
6452,UGSB,medium_airport,Batumi International Airport,41.610298156700004,41.5997009277,AS,GE,GE-AJ,UGSB,BUS,
6452,UGSB,medium_airport,Batumi International Airport,41.610298156700004,41.5997009277,AS,GE,GE-AJ,UGSB,BUS,
3092,UGSS,medium_airport,Sukhumi Dranda Airport,42.8582000732,41.128101348899996,AS,GE,GE-AB,UGSS,SUI,
44473,UHMK,medium_airport,Keperveem Airport,67.845001,166.139999,EU,RU,RU-CHU,UHMK,KPW,
6471,UKDD,medium_airport,Dnipropetrovsk International Airport,48.357200622558594,35.100601196289055,EU,UA,UA-12,UKDD,DNK,
6472,UKDE,medium_airport,Zaporizhzhia International Airport,47.86700057983398,35.31570053100586,EU,UA,UA-23,UKDE,OZH,
6473,UKDR,medium_airport,Kryvyi Rih International Airport,48.04330062866211,33.209999084472656,EU,UA,UA-12,UKDR,KWG,
6473,UKDR,medium_airport,Kryvyi Rih International Airport,48.04330062866211,33.209999084472656,EU,UA,UA-12,UKDR,KWG,
44293,UKFB,medium_airport,Belbek Airport,44.688999176,33.570999145500004,EU,UA,UA-43,UKFB,UKS,
44293,UKFB,medium_airport,Belbek Airport,44.688999176,33.570999145500004,EU,UA,UA-43,UKFB,UKS,
6474,UKFF,large_airport,Simferopol International Airport,45.05220031738281,33.975101470947266,EU,UA,UA-43,UKFF,SIP,
6474,UKFF,large_airport,Simferopol International Airport,45.05220031738281,33.975101470947266,EU,UA,UA-43,UKFF,SIP,
44291,UKFG,medium_airport,Gvardeyskoe Air Base,45.1150016784668,33.977001190185554,EU,UA,UA-43,UKFG,,
44291,UKFG,medium_airport,Gvardeyskoe Air Base,45.1150016784668,33.977001190185554,EU,UA,UA-43,UKFG,,
44296,UKFI,medium_airport,Saki Air Base,45.09299850463867,33.595001220703125,EU,UA,UA-43,UKFI,,
44296,UKFI,medium_airport,Saki Air Base,45.09299850463867,33.595001220703125,EU,UA,UA-43,UKFI,,
43680,UKFY,medium_airport,Dzhankoy Airport,45.70090103149414,34.418899536132805,EU,UA,UA-43,UKFY,,
6476,UKHH,large_airport,Kharkiv International Airport,49.92480087280274,36.290000915527344,EU,UA,UA-63,UKHH,HRK,
6477,UKKE,medium_airport,Cherkasy International Airport,49.41559982299805,31.99530029296875,EU,UA,UA-71,UKKE,CKC,
44432,UKKO,medium_airport,Ozerne Air Base,50.158298,28.7383,EU,UA,UA-18,UKKO,,
6420,UKLH,medium_airport,Khmelnytskyi Airport,49.359699,26.933399,EU,UA,UA-68,UKLH,HMJ,
6486,UKON,medium_airport,Mykolaiv International Airport,47.057899475097656,31.9197998046875,EU,UA,UA-48,UKON,NLV,
6488,ULAA,medium_airport,Talagi Airport,64.60030364990234,40.71670150756836,EU,RU,RU-ARK,ULAA,ARH,
43016,ULAK,medium_airport,Severomorsk-1 Naval Air Base,69.03166961669922,33.418331146240234,EU,RU,RU-MUR,ULAK,,
43016,ULAK,medium_airport,Severomorsk-1 Naval Air Base,69.03166961669922,33.418331146240234,EU,RU,RU-MUR,ULAK,,
6490,ULMM,medium_airport,Murmansk Airport,68.78170013427734,32.75080108642578,EU,RU,RU-MUR,ULMM,MMK,
6491,ULOO,medium_airport,Pskov Airport,57.78390121459961,28.39559936523437,EU,RU,RU-PSK,ULOO,PKV,
6492,ULPB,medium_airport,Petrozavodsk Airport,61.88520050048828,34.15470123291016,EU,RU,RU-KR,ULPB,PES,
6492,ULPB,medium_airport,Petrozavodsk Airport,61.88520050048828,34.15470123291016,EU,RU,RU-KR,ULPB,PES,
43334,ULPP,medium_airport,Peski Airport,61.83194351196289,34.29555511474609,EU,RU,RU-KR,ULPP,,
6501,UMMS,large_airport,Minsk National Airport,53.882499694824,28.030700683594,EU,BY,BY-MI,UMMS,MSQ,
6514,URMM,medium_airport,Mineralnyye Vody Airport,44.22510147094727,43.08190155029297,EU,RU,RU-STA,URMM,MRV,
6514,URMM,medium_airport,Mineralnyye Vody Airport,44.22510147094727,43.08190155029297,EU,RU,RU-STA,URMM,MRV,
6515,URMN,medium_airport,Nalchik Airport,43.512901306152344,43.63660049438477,EU,RU,RU-KB,URMN,NAL,
6517,URMT,medium_airport,Stavropol Shpakovskoye Airport,45.10919952392578,42.11280059814453,EU,RU,RU-STA,URMT,STW,
6517,URMT,medium_airport,Stavropol Shpakovskoye Airport,45.10919952392578,42.11280059814453,EU,RU,RU-STA,URMT,STW,
6521,URWI,medium_airport,Elista Airport,46.3739013671875,44.33089828491211,EU,RU,RU-KL,URWI,ESL,
6522,URWW,medium_airport,Volgograd International Airport,48.78250122070313,44.34550094604492,EU,RU,RU-VGG,URWW,VOG,
31761,UUBA,medium_airport,Kostroma Sokerkino Airport,57.7969017029,41.0194015503,EU,RU,RU-KOS,UUBA,KMW,
42934,UUBC,medium_airport,Grabtsevo Airport,54.5499992371,36.3666687012,EU,RU,RU-KLU,UUBC,KLF,
31690,UUBI,medium_airport,Ivanovo South Airport,56.93939971923828,40.94079971313477,EU,RU,RU-IVA,UUBI,IWA,
26393,UUBP,medium_airport,Bryansk Airport,53.214199,34.176399,EU,RU,RU-BRY,UUBP,BZK,
26397,UUEM,medium_airport,Migalovo Air Base,56.82469940185547,35.7577018737793,EU,RU,RU-TVE,UUEM,KLD,
26399,UUOK,medium_airport,Kursk East Airport,51.7505989074707,36.29560089111328,EU,RU,RU-KRS,UUOK,URS,
32091,UUOR,medium_airport,Oryol Yuzhny Airport,52.934700012200004,36.002201080300004,EU,RU,RU-ORL,UUOR,OEL,
32427,UUOT,medium_airport,Donskoye Airport,52.806098937988004,41.482799530029,EU,RU,RU-TAM,UUOT,TBW,
32427,UUOT,medium_airport,Donskoye Airport,52.806098937988004,41.482799530029,EU,RU,RU-TAM,UUOT,TBW,
26403,UWGG,medium_airport,Nizhny Novgorod Strigino International Airport,56.23009872436499,43.784000396729,EU,RU,RU-NIZ,UWGG,GOJ,
43018,XLMV,medium_airport,Severomorsk-3 Naval Air Base,68.86666899999999,33.716667,EU,RU,RU-MUR,,,XLMV
43018,XLMV,medium_airport,Severomorsk-3 Naval Air Base,68.86666899999999,33.716667,EU,RU,RU-MUR,,,XLMV
44992,XUBS,medium_airport,Smolensk North Airport,54.824,32.025,EU,RU,RU-SMO,,LNX,XUBS
35064,XWPR,medium_airport,Rtishchevo Air Base,52.297317,43.7241,EU,RU,RU-SAR,,,XWPR
44936,Z19O,medium_airport,Wujah Al Hajar Air Base,34.281226000000004,35.680096,AS,LB,LB-AS,,,Z19O
